,Vocabulary,name,Users,accepted_units,accepted_scale,accepted_instruments,calibration_review,apply_function,variable_name,long_name,units,instrument,scale,standard_name,sdn_parameter_urn,sdn_parameter_name,sdn_uom_urn,sdn_uom_name,definition,convention,legacy_gf3_code,SDN:P01::Alternative Name,comments,coverage_content_type,ioos_category,seabird_term
0,BIO,COND,BIO,mmHo,nan,nan,,nan,COND,Conductance,mS,,,,,Electrical Conductance,,,,,COND,,,,,Conductivity
1,BIO,CNTR,"BIO,IML,MEDS",none,nan,^CNTR_&#124;^Counter&#124;^scan number,,nan,ScanNumber,Scan Number,1,,,,,,SDN:P06::UUUU,Dimensionless,,,CNTR,,,auxiliaryInformation,Other,
2,BIO,CNTR,"BIO,IML,MEDS",none,nan,^SNCNTR_&#124;Scans per Bin,,nan,RecPerBin,Number of scans per bin,1,,,,,,SDN:P06::UUUU,Dimensionless,,,CNTR,,,auxiliaryInformation,Other,
3,BIO,SNCN,"BIO,IML,MEDS",none,nan,^Scan Counter,,nan,RecPerBin,Number of scans per bin,1,,,,,,SDN:P06::UUUU,Dimensionless,,,CNTR,,,auxiliaryInformation,Other,
4,BIO,SNCN,"BIO,IML,MEDS",none,nan,^SNCNTR_&#124;Scans per Bin,,nan,RecPerBin,Number of scans per bin,1,,,,,,SDN:P06::UUUU,Dimensionless,,,CNTR,,,auxiliaryInformation,Other,
5,BIO,CRAT,,none,nan,CTD&#124;STD&#124;GUILDLINE&#124;GUILDLN&bsol;.*&#124;SBE *19&#124;SBE *9&#124;SBE *37&#124;SBE *25&#124;Microcat&#124;Maestro&#124;Concerto&#124;XR&bsol;-*620&#124;XR&bsol;-*420,,lambda CRAT: 42.814*CRAT/10,CNDCST01,Electrical Conductivity ,S/m,,,sea_water_electrical_conductivity,SDN:P01::CNDCST01,Electrical conductivity of the water body by CTD,SDN:P06::UECA,Siemens per metre,,,CNDC,CTDCond,,,,Conductivity
6,BIO,CRAT,,dimensionless&#124;none,nan,nan,,nan,CRAT_XX,Conductivity Ratio,1,,,,,,SDN:P06::UUUU,Dimensionless,,,CRAT,,Conductivity Ratio was calculated by using the following equation: CRAT = Conductivity [S/m] * 10.0 / 42.814,physicalMeasurement,Other,Conductivity
7,BIO,FLOR,"BIO,IML,MEDS",mg/m^3&#124;mg/m**3&#124;milligram per metre cube&#124;ug/L&#124;ug/l&#124;none,nan,^FC_,,nan,CPHLPR01,"Fluorescence, Chelsea Aqua",mg/m^3,Chelsea Technologies Group Aquatracka III fluorometer,,mass_concentration_of_chlorophyll_in_sea_water,SDN:P01::CPHLPR01,Concentration of chlorophyll-a {chl-a CAS 479-61-8} per unit volume of the water body [particulate >unknown phase] by in-situ chlorophyll fluorometer,SDN:P06::UMMC,Milligrams per cubic metre,,,FLOR,chl-a_water_ISfluor,,physicalMeasurement,Other,
8,BIO,FLOR,"BIO,IML,MEDS",mg/m^3&#124;mg/m**3&#124;milligram per metre cube&#124;ug/L&#124;ug/l&#124;none,nan,^FCUVA_,,nan,CDOMZZ01,Concentration of coloured dissolved organic matter {CDOM Gelbstoff} per unit volume of the water body [dissolved plus reactive particulate phase] by fluorometry,mg/m^3,Chelsea Technologies Group UV Aquatracka fluorometer,,concentration_of_colored_dissolved_organic_matter_in_sea_water_expressed_as_equivalent_mass_fraction_of_quinine_sulfate_dihydrate,SDN:P01::CDOMZZ01,Concentration of coloured dissolved organic matter {CDOM Gelbstoff} per unit volume of the water body [dissolved plus reactive particulate phase] by fluorometry,SDN:P06::UMMC,Milligrams per cubic metre,,,FLOR,CDOM_fluor,,physicalMeasurement,Colored Dissolved Organic Matter,"Fluorometer, Chelsea UV Aquatracka"
9,BIO,FLOR,"BIO,IML,MEDS",mg/m^3&#124;mg/m**3&#124;milligram per metre cube&#124;ug/L&#124;ug/l&#124;none,nan,^FECO_,,nan,CPHLPR01,"Fluorometer, WET Labs ECO-AFL/FL",mg/m^3,Chelsea Technologies Group Aquatracka III fluorometer,,mass_concentration_of_chlorophyll_in_sea_water,SDN:P01::CPHLPR01,Concentration of chlorophyll-a {chl-a CAS 479-61-8} per unit volume of the water body [particulate >unknown phase] by in-situ chlorophyll fluorometer,SDN:P06::UMMC,Milligrams per cubic metre,,,FLOR,chl-a_water_ISfluor,,physicalMeasurement,Other,
10,BIO,FLOR,"BIO,IML,MEDS",mg/m^3&#124;mg/m**3&#124;milligram per metre cube&#124;ug/L&#124;ug/l&#124;none,nan,^FS_,,nan,CPHLPR01,"Fluorescence, SeaTech",mg/m^3,Seapoint Chlorophyll Fluorometer,,mass_concentration_of_chlorophyll_in_sea_water,SDN:P01::CPHLPR01,Concentration of chlorophyll-a {chl-a CAS 479-61-8} per unit volume of the water body [particulate >unknown phase] by in-situ chlorophyll fluorometer,SDN:P06::UMMC,Milligrams per cubic metre,,,FLOR,chl-a_water_ISfluor,,physicalMeasurement,Other,
11,BIO,FLOR,"BIO,IML,MEDS",mg/m^3&#124;mg/m**3&#124;milligram per metre cube&#124;ug/L&#124;ug/l&#124;none,nan,^FSP_,,nan,CPHLPR01,"Fluorescence, Seapoint",mg/m^3,Seapoint Chlorophyll Fluorometer,,mass_concentration_of_chlorophyll_in_sea_water,SDN:P01::CPHLPR01,Concentration of chlorophyll-a {chl-a CAS 479-61-8} per unit volume of the water body [particulate >unknown phase] by in-situ chlorophyll fluorometer,SDN:P06::UMMC,Milligrams per cubic metre,,,FLOR,chl-a_water_ISfluor,,physicalMeasurement,Other,
12,BIO,FLOR,"BIO,IML,MEDS",mg/m^3&#124;mg/m**3&#124;milligram per metre cube&#124;ug/L&#124;ug/l&#124;none,nan,^FCMINI,,nan,CPHLPR01,"Fluorescence, Seapoint",mg/m^3,Chelsea Mini Chl Con,,mass_concentration_of_chlorophyll_in_sea_water,SDN:P01::CPHLPR01,Concentration of chlorophyll-a {chl-a CAS 479-61-8} per unit volume of the water body [particulate >unknown phase] by in-situ chlorophyll fluorometer,SDN:P06::UMMC,Milligrams per cubic metre,,,FLOR,chl-a_water_ISfluor,,physicalMeasurement,Other,
13,BIO,FLOR,"BIO,IML,MEDS",mg/m^3&#124;mg/m**3&#124;milligram per metre cube&#124;ug/L&#124;ug/l&#124;none,nan,^FSPUV_,,nan,CDOMZZ01,"Fluorescence, Seapoint Ultraviolet",mg/m^3,Seapoint Ultraviolet Fluorometer,,concentration_of_colored_dissolved_organic_matter_in_sea_water_expressed_as_equivalent_mass_fraction_of_quinine_sulfate_dihydrate,SDN:P01::CDOMZZ01,Concentration of coloured dissolved organic matter {CDOM Gelbstoff} per unit volume of the water body [dissolved plus reactive particulate phase] by fluorometry,SDN:P06::UMMC,Milligrams per cubic metre,,,FLOR,CDOM_fluor,,physicalMeasurement,Colored Dissolved Organic Matter,"Fluorometer, Seapoint Ultraviolet"
14,BIO,FLOR,"BIO,IML,MEDS",mg/m^3&#124;mg/m**3&#124;milligram per metre cube&#124;ug/L&#124;ug/l&#124;none,nan,^FWETLABS_&#124;^FWGREEN,,nan,CPHLPR01,"Fluorescence, WET Labs",mg/m^3,WETLabs WETStar fluorometer,,mass_concentration_of_chlorophyll_in_sea_water,SDN:P01::CPHLPR01,Concentration of chlorophyll-a {chl-a CAS 479-61-8} per unit volume of the water body [particulate >unknown phase] by in-situ chlorophyll fluorometer,SDN:P06::UMMC,Milligrams per cubic metre,,,FLOR,chl-a_water_ISfluor,,physicalMeasurement,Other,
15,BIO,FLOR,"BIO,IML,MEDS",mg/m^3&#124;mg/m**3&#124;milligram per metre cube&#124;ug/L&#124;ug/l&#124;none,nan,^WETCDOM_,,nan,CDOMZZ01,Concentration of coloured dissolved organic matter {CDOM Gelbstoff} per unit volume of the water body [dissolved plus reactive particulate phase] by fluorometry,mg/m^3,WETLabs CDOM fluorometer,,concentration_of_colored_dissolved_organic_matter_in_sea_water_expressed_as_equivalent_mass_fraction_of_quinine_sulfate_dihydrate,SDN:P01::CDOMZZ01,Concentration of coloured dissolved organic matter {CDOM Gelbstoff} per unit volume of the water body [dissolved plus reactive particulate phase] by fluorometry,SDN:P06::UMMC,Milligrams per cubic metre,,,FLOR,CDOM_fluor,,physicalMeasurement,Colored Dissolved Organic Matter,"Fluorescence, WET Labs CDOM"
16,BIO,FLOR,"BIO,IML,MEDS",mg/m^3&#124;mg/m**3&#124;milligram per metre cube&#124;ug/L&#124;ug/l&#124;none,nan,fluoresdence&#124;fluo&#124;Flourescence&#124;^FLOR(_&#124;$)&#124;Fluorescence&#124;CTD fluorescence,,nan,CPHLPR01,Concentration of chlorophyll-a {chl-a CAS 479-61-8} per unit volume of the water body [particulate >unknown phase] by in-situ chlorophyll fluorometer,mg/m^3,,,mass_concentration_of_chlorophyll_in_sea_water,SDN:P01::CPHLPR01,Concentration of chlorophyll-a {chl-a CAS 479-61-8} per unit volume of the water body [particulate >unknown phase] by in-situ chlorophyll fluorometer,SDN:P06::UMMC,Milligrams per cubic metre,,,FLOR,chl-a_water_ISfluor,,physicalMeasurement,Other,
17,GF3,IDEN,"BIO,IML,MEDS",none,nan,scan number&#124;sample number,,nan,ScanNumber,Scan Number,1,,,,,,SDN:P06::UUUU,Dimensionless,,,IDEN,,,auxiliaryInformation,Other,
18,BIO,PSAR,"BIO,IML,MEDS",ueinsteins/s/m^2&#124;micromole per metre square per second&#124;micromoles/m^2/sec&#124;umol photons/m2/s&#124;none,nan,nan,,nan,IRRDUV01,Photosynthetically Active Radiation,uEinsteins/s/m^2,,,downwelling_photosynthetic_photon_spherical_irradiance_in_sea_water,SDN:P01::IRRDUV01,Downwelling vector irradiance as photons of electromagnetic radiation (PAR wavelengths) in the water body by cosine-collector radiometer,SDN:P06::UMES,MicroEinsteins per square metre per second,,,PSAR,SubsurVPAR,,physicalMeasurement,Optical Properties,
19,BIO,SPAR,"BIO,MEDS","ueinsteins/s/m^2&#124;umol photons/m2/s&#124;umol photons/m2/s, logarithmic&#124;none",nan,nan,,nan,IRRDSV01,Surface Photosynthetically Active Radiation,uEinsteins/s/m^2,,,surface_downwelling_photosynthetic_photon_spherical_irradiance_in_sea_water,SDN:P01::IRRDSV01,Downwelling vector irradiance as photons of electromagnetic radiation (PAR wavelengths) in the atmosphere by cosine-collector radiometer,SDN:P06::UMES,MicroEinsteins per square metre per second,,,SPAR,SurfVPAR,,physicalMeasurement,Optical Properties,
20,BIO,UNKN,,1/m,nan,CStarAt0,,nan,ATTNZS01,Attenuation (red light wavelength) per unit length of the water body by transmissometer,1/m,WETLabs C-Star transmissometer,,,SDN:P01::ATTNZR01,Attenuation (red light wavelength) per unit length of the water body by transmissometer,SDN:P06::UPRM,per metre,,,ATBE,Atten_red,,physicalMeasurement,Optical Properties,
21,BIO,UNKN,,%,nan,CStarTr0,,nan,OPTCPS01,Transmittance (red light wavelength) per unit length of the water body,%,WET Labs C-Star,,,SDN:P01::OPTCPS01,Transmittance (red light wavelength) per unit length of the water body,SDN:P06::UPCT,Percent,,,TRAN,TransmRedLight,,physicalMeasurement,Optical Properties,
22,BIO,UNKN,,none,nan,oxsatML/L,,nan,DOconc_at_sat,Oxygen Concentration at Saturation,mL/L,,,,,,,,,,,,,,Other,
23,BIO,UNKN,,umol photons/m2/s,nan,par/log,,nan,IRRDUV01,Photosynthetically Active Radiation,uEinsteins/s/m^2,,,downwelling_photosynthetic_photon_spherical_irradiance_in_sea_water,SDN:P01::IRRDUV01,Downwelling vector irradiance as photons of electromagnetic radiation (PAR wavelengths) in the water body by cosine-collector radiometer,SDN:P06::UMES,MicroEinsteins per square metre per second,,,PSAR,SubsurVPAR,,physicalMeasurement,Optical Properties,
24,BIO,UNKN,,none,nan,par&#124;PSAR_01,,nan,IRRDUV01,Photosynthetically Active Radiation,uEinsteins/s/m^2,,,downwelling_photosynthetic_photon_spherical_irradiance_in_sea_water,SDN:P01::IRRDUV01,Downwelling vector irradiance as photons of electromagnetic radiation (PAR wavelengths) in the water body by cosine-collector radiometer,SDN:P06::UMES,MicroEinsteins per square metre per second,,,PSAR,SubsurVPAR,,physicalMeasurement,Optical Properties,
25,BIO,UNKN,"BIO,MEDS",none,nan,spar,,nan,IRRDSV01,Surface Photosynthetically Active Radiation,uEinsteins/s/m^2,,,surface_downwelling_photosynthetic_photon_spherical_irradiance_in_sea_water,SDN:P01::IRRDSV01,Downwelling vector irradiance as photons of electromagnetic radiation (PAR wavelengths) in the atmosphere by cosine-collector radiometer,SDN:P06::UMES,MicroEinsteins per square metre per second,,,SPAR,SurfVPAR,,physicalMeasurement,Optical Properties,
26,BIO,UNKN,BIO,m^-1/sr,nan,turbWETbb0,,nan,VSCTXX01,Turbidity of water in the water body,m^-1/sr,,,volume_scattering_function_of_radiative_flux_in_sea_water,SDN:P01::VSCTXXXX,Volume scattering of light (unspecified wavelengths) by the water body,SDN:P06::PMSR,per metre per steradian,Turbidity of water in the water body,,TURW,Light_scattering,,physicalMeasurement,Total Suspended Matter,
27,BIO,UNKN,"BIO,IML,MEDS",none,nan,wetStar&#124;Flor,,nan,CPHLPR01,"Fluorescence, WET Labs",mg/m^3,WETLabs WETStar fluorometer,,mass_concentration_of_chlorophyll_in_sea_water,SDN:P01::CPHLPR01,Concentration of chlorophyll-a {chl-a CAS 479-61-8} per unit volume of the water body [particulate >unknown phase] by in-situ chlorophyll fluorometer,SDN:P06::UMMC,Milligrams per cubic metre,,,FLOR,chl-a_water_ISfluor,,physicalMeasurement,Other,
28,BIO,UNKN,"BIO,IML,MEDS",none,nan,FS_,,nan,CPHLPR01,"Fluorescence, Sea Tech",mg/m^3,,,mass_concentration_of_chlorophyll_in_sea_water,SDN:P01::CPHLPR01,Concentration of chlorophyll-a {chl-a CAS 479-61-8} per unit volume of the water body [particulate >unknown phase] by in-situ chlorophyll fluorometer,SDN:P06::UMMC,Milligrams per cubic metre,,,FLOR,chl-a_water_ISfluor,,physicalMeasurement,Other,
29,BIO,UNKN,,none,nan,upoly&bsol;d&plus;,,nan,,,,,,,,,,,,,,,,physicalMeasurement,Other,
30,BIO,UNKN,"BIO,IML,MEDS",none,nan,oxMm/kg,,nan,DOXMZZ01,Concentration of oxygen {O2 CAS 7782-44-7} per unit mass of the water body [dissolved plus reactive particulate phase],umol/kg,,,moles_of_oxygen_per_unit_mass_in_sea_water,SDN:P01::DOXMZZ01,Concentration of oxygen {O2 CAS 7782-44-7} per unit mass of the water body [dissolved plus reactive particulate phase],SDN:P06::KGUM,Micromoles per kilogram,Concentration of oxygen {O2 CAS 7782-44-7} per unit volume of the water body [dissolved plus reactive particulate phase] by in-situ sensor,,DOXY,DissO2_Mass,,physicalMeasurement,Dissolved O2,
31,BIO,UNKN,,none,nan,SEATM&#124;SeaTurbMtr,,nan,TURBFTUXX,Turbidity of water in the water body,FTU,,,sea_water_turbidity,SDN:P01::TURBXXXX,Turbidity of water in the water body,SDN:P06::UFNU,Formazin Nephelometric Units,Turbidity of water in the water body,,TURB,Turbidity,,physicalMeasurement,Total Suspended Matter,
32,BIO,UNKN,,none,nan,oxTC,,nan,OXYTAAOP,Temperature of oxygen determination by optode,degree_celsius,Beckman/YSI,,temperature_of_sensor_for_oxygen_in_sea_water,SDN:P01::OXYTAAOP,Temperature of oxygen determination by optode,SDN:P06::UPAA,Degrees Celsius,,,,O2_temp,,physicalMeasurement,Temperature,
33,BIO,OBKS,,none,nan,SEATM,,nan,TURBFTUXX,Turbidity of water in the water body,FTU,,,sea_water_turbidity,SDN:P01::TURBXXXX,Turbidity of water in the water body,SDN:P06::UFNU,Formazin Nephelometric Units,Turbidity of water in the water body,,TURB,Turbidity,,physicalMeasurement,Total Suspended Matter,
34,BIO,UNKN,"BIO,IML,MEDS",none&#124;kg/m^3,nan,sigma-t00&#124;Sigma-T,,nan,SIGTEQSTXX,Sigma-T of the water body by computation from salinity and temperature using UNESCO algorithm,kg/m^3,,,sea_water_sigma_t,SDN:P01::SIGTEQST,Sigma-T of the water body by computation from salinity and temperature using UNESCO algorithm,SDN:P06::UKMC,Kilograms per cubic metre,Sigma-T of the water body by computation from salinity and temperature using UNESCO algorithm,,SIGT,Sigma-T,,physicalMeasurement,Other,
35,BIO,UNKN,"BIO,MEDS",none,nan,^alt$&#124;ALT_01,,nan,AHSFZZ01,Height (spatial coordinate) relative to bed surface in the water body,m,,,height_above_sea_floor,SDN:P01::AHSFZZ01,Height (spatial coordinate) relative to bed surface in the water body,SDN:P06::ULAA,Metres,,,ALTB,HeightAboveBed,,coordinate,Location,Altimeter
36,BIO,TRAN,,%,nan,xmiss&#124;Light Transmission,,nan,OPTCPS01,Transmittance (red light wavelength) per unit length of the water body,%,,,,SDN:P01::OPTCPS01,Transmittance (red light wavelength) per unit length of the water body,SDN:P06::UPCT,Percent,,,TRAN,TransmRedLight,,physicalMeasurement,Optical Properties,
37,BIO,UNKN,,%,nan,xmiss,,nan,OPTCPS01,Transmittance (red light wavelength) per unit length of the water body,%,,,,SDN:P01::OPTCPS01,Transmittance (red light wavelength) per unit length of the water body,SDN:P06::UPCT,Percent,,,TRAN,TransmRedLight,,physicalMeasurement,Optical Properties,
38,BIO,UNKN,BIO,VDC&#124;volts&#124;none,nan,SBEOXY Voltage&#124;Oxygen Voltage (pri&#124;sec)&#124;AMT DO (volts),,nan,OXYOCPVLXX,Raw signal (voltage) of instrument output by oxygen sensor,volts,,,,SDN:P01::OXYOCPVL,Raw signal (voltage) of instrument output by oxygen sensor,SDN:P06::UVLT,Volts,Raw signal (voltage) of instrument output by oxygen sensor,,OXYV,Oxy_output_V,,physicalMeasurement,Other,
39,BIO,NONE,,none&#124;(none),nan,par,,nan,IRRDUV01,Photosynthetically Active Radiation,uEinsteins/s/m^2,,,downwelling_photosynthetic_photon_spherical_irradiance_in_sea_water,SDN:P01::IRRDUV01,Downwelling vector irradiance as photons of electromagnetic radiation (PAR wavelengths) in the water body by cosine-collector radiometer,SDN:P06::UMES,MicroEinsteins per square metre per second,,,PSAR,SubsurVPAR,,physicalMeasurement,Optical Properties,
40,BIO,NONE,,none,nan,NONE,,nan,,,,,,,,,,,,,NONE,,,,,
41,GF3,UNKN,BIO,FTU&#124;Formazine Turbidity Unit &#124;none,nan,SeaTurbMtr,,nan,TURBFTUXX,Turbidity of water in the water body,FTU,,,sea_water_turbidity,SDN:P01::TURBXXXX,Turbidity of water in the water body,SDN:P06::UFNU,Formazin Nephelometric Units,Turbidity of water in the water body,,TURB,Turbidity,,physicalMeasurement,Total Suspended Matter,
42,GF3,ALKW,IML,umol/kg,nan,bottle&#124;sample,,nan,ALKYZZXX,Total alkalinity per unit volume of the water body,umol/kg,bottle,,sea_water_alkalinity_expressed_as_mole_equivalent,SDN:P01::ALKYZZXX,Total alkalinity per unit volume of the water body,SDN:P06::KGUM,Micromoles per kilogram,,,ALKW,TotAlk,,physicalMeasurement,Other,
43,GF3,ALTB,"BIO,MEDS",m&#124;metre&#124;metres,nan,nan,,nan,AHSFZZ01,Height (spatial coordinate) relative to bed surface in the water body,m,,,height_above_sea_floor,SDN:P01::AHSFZZ01,Height (spatial coordinate) relative to bed surface in the water body,SDN:P06::ULAA,Metres,,,ALTB,HeightAboveBed,,coordinate,Location,Altimeter
44,GF3,AMON,"BIO,IML,MEDS",mmol/m^3&#124;millimole per metre cube,nan,bottle,,nan,AMONZZXX,Concentration of ammonium {NH4+ CAS 14798-03-9} per unit volume of the water body [unknown phase],mmol/m^3,bottle,,,SDN:P01::AMONZZXX,Concentration of ammonium {NH4+ CAS 14798-03-9} per unit volume of the water body [unknown phase],SDN:P06::MMCM,Millimoles per cubic metre,,,AMON,NH4,,physicalMeasurement,Other,
45,GF3,CDOM,"BIO,MEDS",mg/m^3,nan,nan,,nan,CDOMZZ01,Concentration of coloured dissolved organic matter {CDOM Gelbstoff} per unit volume of the water body [dissolved plus reactive particulate phase] by fluorometry,mg/m^3,,,concentration_of_colored_dissolved_organic_matter_in_sea_water_expressed_as_equivalent_mass_fraction_of_quinine_sulfate_dihydrate,SDN:P01::CDOMZZ01,Concentration of coloured dissolved organic matter {CDOM Gelbstoff} per unit volume of the water body [dissolved plus reactive particulate phase] by fluorometry,SDN:P06::UMMC,Milligrams per cubic metre,Concentration of coloured dissolved organic matter {CDOM Gelbstoff} per unit volume of the water body [dissolved plus reactive particulate phase] by fluorometry,,CDOM,CDOM_fluor,,physicalMeasurement,Other,
46,GF3,CNDC,,S/m&#124;mhos/m&#124;siemens/m,nan,CTD&#124;STD&#124;GUILDLINE&#124;GUILDLN&bsol;.*&#124;SBE *19&#124;SBE *9&#124;SBE *37&#124;SBE *25&#124;Microcat&#124;Maestro&#124;Concerto&#124;XR&bsol;-*620&#124;XR&bsol;-*420,,nan,CNDCST01,Electrical Conductivity ,S/m,,,sea_water_electrical_conductivity,SDN:P01::CNDCST01,Electrical conductivity of the water body by CTD,SDN:P06::UECA,Siemens per metre,,,CNDC,CTDCond,,,,Conductivity
47,GF3,CNTR,"BIO,IML,MEDS",none,nan,nan,,nan,ScanNumber,Scan Number,1,,,,,,SDN:P06::UUUU,Dimensionless,,,CNTR,,,auxiliaryInformation,Other,
48,GF3,CPHL,"BIO,IML,MEDS",milligram per metre cube&#124;mg/m^3,nan,nan,,nan,CPHLZZXX,Concentration of chlorophyll-a {chl-a CAS 479-61-8} per unit volume of the water body [particulate >unknown phase],milligram per metre cube,,,mass_concentration_of_chlorophyll_a_in_sea_water,SDN:P01::CPHLZZXX,Concentration of chlorophyll-a {chl-a CAS 479-61-8} per unit volume of the water body [particulate >unknown phase],SDN:P06::UMMC,Milligrams per cubic metre,Concentration of chlorophyll-a {chl-a CAS 479-61-8} per unit volume of the water body [particulate >unknown phase],,CPHL,Chlorophyll-a,,physicalMeasurement,Other,
49,GF3,CRAT,"BIO,IML,MEDS",dimensionless,nan,nan,,nan,CRAT_XX,Conductivity Ratio,1,,,,,,SDN:P06::UUUU,Dimensionless,,,CRAT,,,physicalMeasurement,Other,Conductivity
50,GF3,DENS,"BIO,IML,MEDS",kilogram per metre cube&#124;kg/m^3,nan,nan,,nan,DENSWB01,Density of the water body by gravimetry,kilogram per metre cube,,,sea_water_density,SDN:P01::DENSWB01,Density of the water body by gravimetry,SDN:P06::UKMC,Kilograms per cubic metre,Density of the water body by gravimetry,,DENS,WaterDens,,physicalMeasurement,Other,
51,GF3,DEPH,"BIO,IML,MEDS",metre&#124;metres,nan,nan,,nan,depth,Depth (spatial coordinate) relative to water surface in the water body,meters,,,depth,SDN:P01::ADEPZZ01,Depth (spatial coordinate) relative to water surface in the water body,SDN:P06::ULAA,Metres,The distance of a sensor or sampling point below the sea surface,,DEPH,DepBelowSurf,,coordinate,Location,
52,GF3,DOXY,"BIO,IML,MEDS",ml/L&#124;millilitre per litre&#124;ml/l,nan,bottle&#124;sample,,nan,DOXYWITX,Concentration of oxygen {O2 CAS 7782-44-7} per unit volume of the water body [dissolved plus reactive particulate phase] by Winkler titration,ml/L,Winkler Titration,,volume_fraction_of_oxygen_in_sea_water,SDN:P01::DOXYWITX,Concentration of oxygen {O2 CAS 7782-44-7} per unit volume of the water body [dissolved plus reactive particulate phase] by Winkler titration,SDN:P06::UMLL,Millilitres per litre,Concentration of oxygen {O2 CAS 7782-44-7} per unit volume of the water body [dissolved plus reactive particulate phase] by Winkler titration,,DOXY,WC_dissO2_Winkler,,physicalMeasurement,Dissolved O2,
53,GF3,DOXY,"BIO,IML,MEDS",ml/L&#124;millilitre per litre&#124;ml/l,nan,nan,,nan,DOXYZZ01,Concentration of oxygen {O2 CAS 7782-44-7} per unit volume of the water body [dissolved plus reactive particulate phase] by in-situ sensor,ml/L,,,volume_fraction_of_oxygen_in_sea_water,SDN:P01::DOXYZZ01,Concentration of oxygen {O2 CAS 7782-44-7} per unit volume of the water body [dissolved plus reactive particulate phase] by in-situ sensor,SDN:P06::UMLL,Millilitres per litre,Concentration of oxygen {O2 CAS 7782-44-7} per unit volume of the water body [dissolved plus reactive particulate phase] by in-situ sensor,,DOXY,WC_dissO2_IS,,physicalMeasurement,Dissolved O2,"Oxygen, SBE 43"
54,GF3,DPDT,,metres/sec&#124;m/s,nan,nan,,nan,dpdt,Lowering Rate,m/s,,,platform_heave_rate_down,,,,,,,DPDT,,,auxiliaryInformation,Other,
55,GF3,FFFF,,none,nan,nan,,nan,FFFF_XX,Quality Flag: FFFF,,,,status_flag,,,,,,,FFFF,,,qualityInformation,Quality,
56,GF3,LABT,IML,degree_celsius&#124;Degrees C,nan,nan,,nan,,Lab Temperature,degree_celsius,,,,,,SDN:P06::UPAA,Degrees Celsius,Lab temperature for pH calculation,,LABT,,,physicalMeasurement,Temperature,
57,GF3,LATD,"BIO,IML,MEDS",degrees_north&#124;degree&#124;deg&#124;degrees,nan,nan,,nan,preciseLat,Latitude East,degrees_north,,,latitude,SDN:P01::ALATZZ01,Latitude north,SDN:P06::DEGN,Degrees north,Latitude north,,LATD,Lat,,coordinate,Location,
58,GF3,LOND,"BIO,IML,MEDS",degrees_east&#124;degree&#124;deg&#124;degrees,nan,nan,,nan,preciseLon,Longitude North,degrees_east,,,longitude,SDN:P01::ALONZZ01,Longitude east,SDN:P06::DEGE,Degrees east,Longitude east,,LOND,Lon,,coordinate,Location,
59,GF3,LPHT,IML,Total scale,nan,nan,,nan,PHMASSXX,pH (total scale) {pH[T]} of the water body,Total scale,,,sea_water_ph_reported_on_total_scale,SDN:P01::PHMASSXX,pH (total scale) {pH[T]} of the water body,SDN:P06::UUPH,pH units,,,LPHT,Total_pHmass,,physicalMeasurement,CO2,
60,GF3,NTRI,"BIO,IML,MEDS",mmol/m^3&#124;millimole per metre cube,nan,nan,,nan,NTRIXXDZ,Concentration of nitrite {NO2- CAS 14797-65-0} per unit volume of the water body [dissolved plus reactive particulate <unknown phase],mmol/m^3,,,mole_concentration_of_nitrite_in_sea_water,SDN:P01::NTRIXXDZ,Concentration of nitrite {NO2- CAS 14797-65-0} per unit volume of the water body [dissolved plus reactive particulate <unknown phase],SDN:P06::MMCM,Millimoles per cubic metre,Concentration of nitrite {NO2- CAS 14797-65-0} per unit volume of the water body [dissolved plus reactive particulate <unknown phase],,NTRI,NO2_Filt,,physicalMeasurement,Nutrients,
61,GF3,NTRZ,IML,mmol/m^3,nan,nan,,nan,NTRZZZXX,Concentration of nitrate+nitrite {NO3+NO2} per unit volume of the water body [unknown phase],mmol/m^3,,,mole_concentration_of_nitrate_and_nitrite_in_sea_water,SDN:P01::NTRZZZXX,Concentration of nitrate+nitrite {NO3+NO2} per unit volume of the water body [unknown phase],SDN:P06::MMCM,Millimoles per cubic metre,Concentration of nitrate+nitrite per unit volume of the water column. Nitrate+nitrite may be expressed in terms of mass or quantity of substance.,,NTRZ,NO3+NO2,,physicalMeasurement,Nutrients,
62,GF3,NUM,,none,nan,number of scans averaged,,nan,RecPerBin,Number of scans per bin,1,,,,,,SDN:P06::UUUU,Dimensionless,,,CNTR,,,auxiliaryInformation,,
63,GF3,OCUR,"BIO,IML,MEDS",uA&#124;microampere&#124;ua,nan,nan,,nan,OXYCRWuA01,Raw signal (current) of instrument output by oxygen sensor,uA,,,,SDN:P01::OXYCRW01,Raw signal (current) of instrument output by oxygen sensor,,,Raw signal (current) of instrument output by oxygen sensor,,OCUR,RawOxyMembCurr,,physicalMeasurement,Other,
64,GF3,OCUR,"BIO,IML,MEDS",mA&#124;milliampere&#124;ma,nan,nan,,nan,OXYCRWmA01,Raw signal (current) of instrument output by oxygen sensor,mA,,,,SDN:P01::OXYCRW01,Raw signal (current) of instrument output by oxygen sensor,,,Raw signal (current) of instrument output by oxygen sensor,,OCUR,RawOxyMembCurr,,physicalMeasurement,Other,
65,GF3,OSAT,,%,nan,nan,,nan,OXYSZZ01,Oxygen Saturation,%,,,fractional_saturation_of_oxygen_in_sea_water,SDN:P01::OXYSZZ01,Saturation of oxygen {O2 CAS 7782-44-7} in the water body [dissolved plus reactive particulate phase],,,,,OSAT,O2Sat,,physicalMeasurement,Dissolved O2,
66,GF3,OXV,,volts&#124;V,nan,nan,,nan,OXYOCPVLXX,Raw signal (voltage) of instrument output by oxygen sensor,volts,,,,SDN:P01::OXYOCPVL,Raw signal (voltage) of instrument output by oxygen sensor,SDN:P06::UVLT,Volts,Raw signal (voltage) of instrument output by oxygen sensor,,OXV,Oxy_output_V,,physicalMeasurement,Other,
67,GF3,OXYV,BIO,volts&#124;V,nan,nan,,nan,OXYOCPVLXX,Raw signal (voltage) of instrument output by oxygen sensor,volts,,,,SDN:P01::OXYOCPVL,Raw signal (voltage) of instrument output by oxygen sensor,SDN:P06::UVLT,Volts,Raw signal (voltage) of instrument output by oxygen sensor,,OXYV,Oxy_output_V,,physicalMeasurement,Other,
68,GF3,PHA,"BIO,IML,MEDS",mg/m^3,nan,bottle&#124;sample,,nan,PHAEZZXX,Concentration of phaeopigments {pheopigments} per unit volume of the water body [particulate >unknown phase],mg/m^3,,,,SDN:P01::PHAEZZXX,Concentration of phaeopigments {pheopigments} per unit volume of the water body [particulate >unknown phase],SDN:P06::UMMC,Milligrams per cubic metre,Concentration of phaeopigments {pheopigments} per unit volume of the water body [particulate >unknown phase],,PHA_,Phae_unspec,,physicalMeasurement,Other,
69,GF3,PHOS,"BIO,IML,MEDS",mmol/m^3&#124;millimole per metre cube,nan,nan,,nan,PHOSYYDZ,Concentration of phosphate {PO43- CAS 14265-44-2} per unit volume of the water body [dissolved plus reactive particulate phase],mmol/m^3,,,mole_concentration_of_phosphate_in_sea_water,SDN:P01::PHOSYYDZ,Concentration of phosphate {PO43- CAS 14265-44-2} per unit volume of the water body [dissolved plus reactive particulate phase],SDN:P06::MMCM,Millimoles per cubic metre,Concentration of phosphate {PO43- CAS 14265-44-2} per unit volume of the water body [dissolved plus reactive particulate phase],,PHOS,PO4_Unfilt,,physicalMeasurement,Nutrients,
70,GF3,PHPH,"BIO,IML,MEDS",dimensionless,nan,nan,,nan,PHXXZZXX,pH (unspecified scale) of the water body,dimensionless,,,sea_water_ph_reported_on_total_scale,SDN:P01::PHXXZZXX,pH (unspecified scale) of the water body,SDN:P06::UUUU,Dimensionless,pH per unit volume of the water body,,PHPH,pH,,physicalMeasurement,CO2,
71,GF3,PHT,IML,Total scale,nan,nan,,nan,PHMASSXX,pH (total scale) {pH[T]} of the water body,Total scale,,,sea_water_ph_reported_on_total_scale,SDN:P01::PHMASSXX,pH (total scale) {pH[T]} of the water body,SDN:P06::UUPH,pH units,,,PHT_,Total_pHmass,,physicalMeasurement,CO2,
72,GF3,POTM,"BIO,IML,MEDS","degree Celsius&#124;IPTS-68, deg C&#124;degrees C&#124;ITS-68, deg C",IPTS-68,nan,,nan,POTMS601,"Potential temperature of the water body by CTD and computation from pressure, salinity and IPTS-68 temperature using UNESCO algorithm",degree Celsius,,IPTS-68,sea_water_potential_temperature,SDN:P01::POTMS601,"Potential temperature of the water body by CTD and computation from pressure, salinity and IPTS-68 temperature using UNESCO algorithm",SDN:P06::UPAA,Degrees Celsius,,,POTM,Potemp_ipts68,,physicalMeasurement,Temperature,
73,GF3,POTM,"BIO,IML,MEDS","degree Celsius&#124;IPTS-68, deg C&#124;degrees C&#124;ITS-68, deg C&#124;ITS-90, deg C",nan,nan,,nan,POTMCV01,Potential temperature of the water body by computation using UNESCO 1983 algorithm,degree Celsius,,,sea_water_potential_temperature,SDN:P01::POTMCV01,Potential temperature of the water body by computation using UNESCO 1983 algorithm,SDN:P06::UPAA,Degrees Celsius,,,POTM,WC_Potemp,,physicalMeasurement,Temperature,
74,GF3,PRES,"BIO,IML,MEDS",decibar&#124;decibars&#124;db,nan,nan,,"lambda PRES,latitude: -1*gsw.z_from_p(PRES,latitude)",depth,Depth (spatial coordinate) relative to water surface in the water body,meters,,,depth,SDN:P01::ADEPZZ01,Depth (spatial coordinate) relative to water surface in the water body,SDN:P06::ULAA,Metres,The distance of a sensor or sampling point below the sea surface,,DEPH,DepBelowSurf,,coordinate,Location,
75,GF3,PRES,"BIO,IML,MEDS",decibar&#124;decibars&#124;db,nan,nan,,nan,PRESPR01,Pressure (spatial coordinate) exerted by the water body by profiling pressure sensor and correction to read zero at sea level,decibar,,,sea_water_pressure,SDN:P01::PRESPR01,Pressure (spatial coordinate) exerted by the water body by profiling pressure sensor and correction to read zero at sea level,SDN:P06::UPDB,Decibars,Pressure (spatial coordinate) exerted by the water body by profiling pressure sensor and correction to read zero at sea level,,PRES,Pres_Z,,coordinate,Location,
76,GF3,PSAL,"BIO,IML,MEDS",1e-3&#124;psu&#124;PSU&#124;practical salinity unit (PSS-78)&#124;&#124;none,PSS-78,bottle&#124;sample,,nan,PSALBSTX,Practical salinity of the water body by bench salinometer and computation using UNESCO 1983 algorithm,1E-3,bottle,PSS-78,sea_water_practical_salinity,SDN:P01::PSALBSTX,Practical salinity of the water body by bench salinometer and computation using UNESCO 1983 algorithm,SDN:P06::UUUU,Dimensionless,Practical salinity of the water body,,PSAL,P_sal_salinom,,physicalMeasurement,Salinity,
77,GF3,PSAL,"BIO,IML,MEDS",1e-3&#124;psu&#124;PSU&#124;practical salinity unit (PSS-78)&#124;&#124;none,PSS-78,CTD&#124;STD&#124;GUILDLINE&#124;GUILDLN&bsol;.*&#124;SBE *19&#124;SBE *9&#124;SBE *37&#124;SBE *25&#124;Microcat&#124;Maestro&#124;Concerto&#124;XR&bsol;-*620&#124;XR&bsol;-*420,,nan,PSALST01,Practical salinity of the water body by CTD and computation using UNESCO 1983 algorithm,1E-3,CTD,PSS-78,sea_water_practical_salinity,SDN:P01::PSALST01,Practical salinity of the water body by CTD and computation using UNESCO 1983 algorithm,SDN:P06::UUUU,Dimensionless,Practical salinity of the water body,,PSAL,P_sal_CTD,,physicalMeasurement,Salinity,
78,GF3,PSAL,"BIO,IML,MEDS",1e-3&#124;psu&#124;PSU&#124;practical salinity unit (PSS-78)&#124;&#124;none,PSS-78,nan,,nan,PSLTZZ01,Practical salinity of the water body,1E-3,,PSS-78,sea_water_practical_salinity,SDN:P01::PSLTZZ01,Practical salinity of the water body,SDN:P06::UUUU,Dimensionless,Practical salinity of the water body,,PSAL,P_sal,,physicalMeasurement,Salinity,
79,GF3,PSAR,"BIO,IML,MEDS",ueinsteins/s/m^2&#124;micromole per metre square per second&#124;micromoles/m^2/sec&#124;umol photons/m2/s,nan,nan,,nan,IRRDUV01,Photosynthetically Active Radiation,uEinsteins/s/m^2,,,downwelling_photosynthetic_photon_spherical_irradiance_in_sea_water,SDN:P01::IRRDUV01,Downwelling vector irradiance as photons of electromagnetic radiation (PAR wavelengths) in the water body by cosine-collector radiometer,SDN:P06::UMES,MicroEinsteins per square metre per second,,,PSAR,SubsurVPAR,,physicalMeasurement,Optical Properties,
80,GF3,QCFF,,none,nan,nan,,nan,QCFF_XX,Quality Flag: QCFF,,,,status_flag,,,,,,,QCFF,,,qualityInformation,Quality,
81,GF3,SECC,"BIO,IML,MEDS",m,nan,nan,,nan,SECCSDNX,Visibility in the water body by Secchi disk,m,,,secchi_depth_of_sea_water,SDN:P01::SECCSDNX,Visibility in the water body by Secchi disk,SDN:P06::ULAA,Metres,Visibility in the water body by Secchi disk,,SECC,Secchi,,physicalMeasurement,Optical Properties,
82,GF3,SIGP,"BIO,IML,MEDS","kg/m^3&#124;kilogram per metre cube&#124;sigma-theta, kg/m^3&#124;sigma-theta, Kg/m^3",nan,nan,,nan,SIGTEQ01,Sigma-theta of the water body by computation from salinity and potential temperature using UNESCO algorithm,kg/m^3,,,sea_water_sigma_theta,SDN:P01::SIGTEQ01,Sigma-theta of the water body by computation from salinity and potential temperature using UNESCO algorithm,SDN:P06::UKMC,Kilograms per cubic metre,Sigma-theta of the water body by computation from salinity and potential temperature using UNESCO algorithm,,SIGP,SigmaTheta,,physicalMeasurement,Other,
83,GF3,SIGT,"BIO,IML,MEDS",kg/m^3&#124;kilogram per metre cube,nan,nan,,nan,SIGTEQSTXX,Sigma-T of the water body by computation from salinity and temperature using UNESCO algorithm,kg/m^3,,,sea_water_sigma_t,SDN:P01::SIGTEQST,Sigma-T of the water body by computation from salinity and temperature using UNESCO algorithm,SDN:P06::UKMC,Kilograms per cubic metre,Sigma-T of the water body by computation from salinity and temperature using UNESCO algorithm,,SIGT,Sigma-T,,physicalMeasurement,Other,
84,GF3,SLCA,"BIO,IML,MEDS",mmol/m^3&#124;millimole per metre cube,nan,nan,,nan,SLCAZZXX,Concentration of silicate {SiO44- CAS 17181-37-2} per unit volume of the water body [unknown phase],mmol/m^3,,,mole_concentration_of_silicate_in_sea_water,SDN:P01::SLCAZZXX,Concentration of silicate {SiO44- CAS 17181-37-2} per unit volume of the water body [unknown phase],SDN:P06::MMCM,Millimoles per cubic metre,Concentration of silicate {SiO44- CAS 17181-37-2} per unit volume of the water body [unknown phase],,SLCA,SiOx,,physicalMeasurement,Nutrients,
85,GF3,SPAR,"BIO,MEDS","ueinsteins/s/m^2&#124;umol photons/m2/s&#124;umol photons/m2/s, logarithmic",nan,nan,,nan,IRRDSV01,Surface Photosynthetically Active Radiation,uEinsteins/s/m^2,,,surface_downwelling_photosynthetic_photon_spherical_irradiance_in_sea_water,SDN:P01::IRRDSV01,Downwelling vector irradiance as photons of electromagnetic radiation (PAR wavelengths) in the atmosphere by cosine-collector radiometer,SDN:P06::UMES,MicroEinsteins per square metre per second,,,SPAR,SurfVPAR,,physicalMeasurement,Optical Properties,
86,GF3,SYTM,"BIO,IML,MEDS",UTC&#124;GMT&#124;none,nan,nan,,nan,measurement_time,Exact Measurement Time,,,,time,,,,,,,SYTM,measurement_time,,coordinate,Time,
87,GF3,TE90,"BIO,IML,MEDS",degree Celsius&#124;degree c&#124;degrees C&#124;deg C,ITS-90,CTD&#124;STD&#124;GUILDLINE&#124;GUILDLN&bsol;.*&#124;SBE *19&#124;SBE *9&#124;SBE *37&#124;SBE *25&#124;Microcat&#124;Maestro&#124;Concerto&#124;XR&bsol;-*620&#124;XR&bsol;-*420,,nan,TEMPS901,Temperature (ITS-90) of the water body by CTD or STD,degree Celsius,CTD,ITS-90,sea_water_temperature,SDN:P01::TEMPS901,Temperature (ITS-90) of the water body by CTD or STD,SDN:P06::UPAA,Degrees Celsius,Temperature of the water body,,TEMP,CTDTmp90,,physicalMeasurement,Temperature,
88,GF3,TE90,"BIO,IML,MEDS",degree Celsius&#124;degree c&#124;degrees C&#124;deg C,ITS-90,Reverse Thermometer,,nan,TEMPR901,Temperature (ITS-90) of the water body by reversing thermometer,degree Celsius,Reverse Thermometer,ITS-90,sea_water_temperature,SDN:P01::TEMPR901,Temperature (ITS-90) of the water body by reversing thermometer,SDN:P06::UPAA,Degrees Celsius,Temperature of the water body,,TEMP,RTTemp90,,physicalMeasurement,Temperature,
89,GF3,TE90,"BIO,IML,MEDS",degree Celsius&#124;degree c&#124;degrees C&#124;deg C,ITS-90,nan,,nan,TEMPP901,Temperature (ITS-90) of the water body,degree Celsius,,ITS-90,sea_water_temperature,SDN:P01::TEMPP901,Temperature (ITS-90) of the water body,SDN:P06::UPAA,Degrees Celsius,Temperature of the water body,,TEMP,WC_temp90,,physicalMeasurement,Temperature,
90,GF3,TEMP,"BIO,IML,MEDS","degree Celsius&#124;degree c&#124;degrees C&#124;IPTS-68, deg C&#124;ITS-68, deg C&#124;deg C",IPTS-68,CTD&#124;STD&#124;GUILDLINE&#124;GUILDLN&bsol;.*&#124;SBE *19&#124;SBE *9&#124;SBE *37&#124;SBE *25&#124;Microcat&#124;Maestro&#124;Concerto&#124;XR&bsol;-*620&#124;XR&bsol;-*420,,nan,TEMPS601,Temperature (IPTS-68) of the water body by CTD or STD,degree Celsius,CTD,IPTS-68,sea_water_temperature,SDN:P01::TEMPS601,Temperature (IPTS-68) of the water body by CTD or STD,SDN:P06::UPAA,Degrees Celsius,Temperature of the water body,,TEMP,CTDTmp68,,physicalMeasurement,Temperature,
91,GF3,TEMP,"BIO,IML,MEDS","degree Celsius&#124;degree c&#124;degrees C&#124;IPTS-68, deg C&#124;ITS-68, deg C&#124;deg C",IPTS-68,Reverse Thermometer,,nan,TEMPR601,Temperature (IPTS-68) of the water body by reversing thermometer,degree Celsius,Reverse Thermometer,IPTS-68,sea_water_temperature,SDN:P01::TEMPR601,Temperature (IPTS-68) of the water body by reversing thermometer,SDN:P06::UPAA,Degrees Celsius,Temperature of the water body,,TEMP,RTTemp68,,physicalMeasurement,Temperature,
92,GF3,TEMP,"BIO,IML,MEDS","degree Celsius&#124;degree c&#124;degrees C&#124;IPTS-68, deg C&#124;ITS-68, deg C&#124;deg C",IPTS-68,nan,,nan,TEMPP681,Temperature (IPTS-68) of the water body,degree Celsius,,IPTS-68,sea_water_temperature,SDN:P01::TEMPP681,Temperature (IPTS-68) of the water body,SDN:P06::UPAA,Degrees Celsius,Temperature of the water body,,TEMP,WC_temp68,,physicalMeasurement,Temperature,
93,GF3,TEMP,"BIO,IML,MEDS",degree Celsius&#124;degree c&#124;degrees C&#124;deg C,ITS-90,CTD&#124;STD&#124;GUILDLINE&#124;GUILDLN&bsol;.*&#124;SBE *19&#124;SBE *9&#124;SBE *37&#124;SBE *25&#124;Microcat&#124;Maestro&#124;Concerto&#124;XR&bsol;-*620&#124;XR&bsol;-*420,,nan,TEMPS901,Temperature (ITS-90) of the water body by CTD or STD,degree Celsius,CTD,ITS-90,sea_water_temperature,SDN:P01::TEMPS901,Temperature (ITS-90) of the water body by CTD or STD,SDN:P06::UPAA,Degrees Celsius,Temperature of the water body,,TEMP,CTDTmp90,,physicalMeasurement,Temperature,
94,GF3,TEMP,"BIO,IML,MEDS","degree Celsius&#124;degree c&#124;degrees C&#124;IPTS-68, deg C&#124;ITS-68, deg C&#124;deg C",IPTS-68,CTD&#124;STD&#124;GUILDLINE&#124;GUILDLN&bsol;.*&#124;SBE *19&#124;SBE *9&#124;SBE *37&#124;SBE *25&#124;Microcat&#124;Maestro&#124;Concerto&#124;XR&bsol;-*620&#124;XR&bsol;-*420,,lambda TEMP: gsw.t90_from_t68(TEMP),TEMPS901,Temperature (ITS-90) of the water body by CTD or STD,degree Celsius,CTD,ITS-90,sea_water_temperature,SDN:P01::TEMPS901,Temperature (ITS-90) of the water body by CTD or STD,SDN:P06::UPAA,Degrees Celsius,Unavailable,,TEMP,CTDTmp90,,physicalMeasurement,Temperature,
95,GF3,TEMP,"BIO,IML,MEDS",degree Celsius&#124;degree c&#124;degrees C&#124;deg C,ITS-90,Reverse Thermometer,,nan,TEMPR901,Temperature (ITS-90) of the water body by reversing thermometer,degree Celsius,Reverse Thermometer,ITS-90,sea_water_temperature,SDN:P01::TEMPR901,Temperature (ITS-90) of the water body by reversing thermometer,SDN:P06::UPAA,Degrees Celsius,Temperature of the water body,,TEMP,RTTemp90,,physicalMeasurement,Temperature,
96,GF3,TEMP,"BIO,IML,MEDS","degree Celsius&#124;degree c&#124;degrees C&#124;IPTS-68, deg C&#124;ITS-68, deg C&#124;deg C",IPTS-68,Reverse Thermometer,,lambda TEMP: gsw.t90_from_t68(TEMP),TEMPR901,Temperature (ITS-90) of the water body by reversing thermometer,degree Celsius,Reverse Thermometer,ITS-90,sea_water_temperature,SDN:P01::TEMPR901,Temperature (ITS-90) of the water body by reversing thermometer,SDN:P06::UPAA,Degrees Celsius,,,TEMP,RTTemp90,,physicalMeasurement,Temperature,
97,GF3,TEMP,"BIO,IML,MEDS",degree Celsius&#124;degree c&#124;degrees C&#124;deg C,ITS-90,nan,,nan,TEMPP901,Temperature (ITS-90) of the water body,degree Celsius,,ITS-90,sea_water_temperature,SDN:P01::TEMPP901,Temperature (ITS-90) of the water body,SDN:P06::UPAA,Degrees Celsius,Temperature of the water body,,TEMP,WC_temp90,,physicalMeasurement,Temperature,
98,GF3,TEMP,"BIO,IML,MEDS","degree Celsius&#124;degree c&#124;degrees C&#124;IPTS-68, deg C&#124;ITS-68, deg C&#124;deg C",IPTS-68,nan,,lambda TEMP: gsw.t90_from_t68(TEMP),TEMPP901,Temperature (ITS-90) of the water body,degree Celsius,,ITS-90,sea_water_temperature,SDN:P01::TEMPP901,Temperature (ITS-90) of the water body,SDN:P06::UPAA,Degrees Celsius,Temperature (ITS-90) of the water body,,TE90,WC_temp90,,physicalMeasurement,Temperature,
99,GF3,TEMP,"BIO,IML,MEDS","degree Celsius&#124;degree c&#124;degrees C&#124;IPTS-68, deg C&#124;ITS-68, deg C&#124;deg C",nan,nan,,nan,TEMPPR01,Temperature of the water body,degree Celsius,,,sea_water_temperature,SDN:P01::TEMPPR01,Temperature of the water body,SDN:P06::UPAA,Degrees Celsius,Temperature of the water body,,TEMP,Temp,,physicalMeasurement,Temperature,
100,GF3,TICW,IML,umol/kg,nan,bottle&#124;sample,,nan,MDMAP010,Concentration of organic carbon {organic_C CAS 7440-44-0} {POC} per unit volume of the water body [particulate >unknown phase],umol/kg,bottle,,mole_concentration_of_dissolved_inorganic_carbon_in_sea_water,SDN:P01::MDMAP010,Concentration of organic carbon {organic_C CAS 7440-44-0} {POC} per unit volume of the water body [particulate >unknown phase],SDN:P06::KGUM,Micromoles per kilogram,,,TICW,POC,,physicalMeasurement,Colored Dissolved Organic Matter,
101,GF3,TRB,"MEDS,IML",NTU,nan,nan,,nan,TURBNTUXX,Turbidity of water in the water body,NTU,,,sea_water_turbidity,SDN:P01::TURBXXXX,Turbidity of water in the water body,SDN:P06::USTU,Nephelometric Turbidity Units,Estimate of suspended sediment concentration based on the proportion of a light transmission in the water column that is reflected back to a co-located receiver.,,TRB4,Turbidity,,physicalMeasurement,Total Suspended Matter,
102,GF3,TURB,"MEDS,IML",NTU,nan,nan,,nan,TURBNTUXX,Turbidity of water in the water body,NTU,,,sea_water_turbidity,SDN:P01::TURBXXXX,Turbidity of water in the water body,SDN:P06::USTU,Nephelometric Turbidity Units,Estimate of suspended sediment concentration based on the proportion of a light transmission in the water column that is reflected back to a co-located receiver.,,TRB4,Turbidity,,physicalMeasurement,Total Suspended Matter,
103,GF3,TURB,BIO,m^-1/sr,nan,WETECOBB,,nan,VSCTXX01,Volume scattering of light (unspecified wavelengths) by the water body,m^-1/sr,,,volume_scattering_function_of_radiative_flux_in_sea_water,SDN:P01::VSCTXXXX,Volume scattering of light (unspecified wavelengths) by the water body,SDN:P06::PMSR,per metre per steradian,Turbidity of water in the water body,,TURW,Light_scattering,,physicalMeasurement,Total Suspended Matter,
104,GF3,TURB,BIO,FTU&#124;Formazine Turbidity Unit ,nan,nan,,nan,TURBFTUXX,Turbidity of water in the water body,FTU,,,sea_water_turbidity,SDN:P01::TURBXXXX,Turbidity of water in the water body,SDN:P06::UFNU,Formazin Nephelometric Units,Turbidity of water in the water body,,TURB,Turbidity,,physicalMeasurement,Total Suspended Matter,
105,GF3,TURW,BIO,m^-1/sr,nan,WETECOBB,,nan,VSCTXX01,Volume scattering of light (unspecified wavelengths) by the water body,m^-1/sr,,,volume_scattering_function_of_radiative_flux_in_sea_water,SDN:P01::VSCTXXXX,Volume scattering of light (unspecified wavelengths) by the water body,SDN:P06::PMSR,per metre per steradian,Turbidity of water in the water body,,TURW,Light_scattering,,physicalMeasurement,Total Suspended Matter,
106,GF3,VAIS,,hertz,nan,nan,,nan,BV_Freq,Brunt Vaisala Frequency,Hz,,,,,,,,,,VAIS,BV_Freq,,physicalMeasurement,Other,
107,GF3,WETECOBB,,m^-1 sr^-1&#124;m^-1/sr,nan,turbWETbb0&#124;WETECOBB,,nan,VSCTXX01,Volume scattering of light (unspecified wavelengths) by the water body,m^-1/sr,,,volume_scattering_function_of_radiative_flux_in_sea_water,SDN:P01::VSCTXXXX,Volume scattering of light (unspecified wavelengths) by the water body,SDN:P06::PMSR,per metre per steradian,Turbidity of water in the water body,,TURW,Light_scattering,,physicalMeasurement,Total Suspended Matter,
108,IML,GEOP,,none,nan,nan,,nan,GEOP_XX,,1,,,,,,,,,,GEOP,,,,Other,
109,GF3,NTRA,"IML,BIO",mmol/m^3&#124;millimole per metre cube,nan,nan,,nan,,Concentration of nitrate {NO3- CAS 14797-55-8} per unit volume of the water body [unknown phase],mmol/m^3,,,mole_concentration_of_nitrate_in_sea_water,SDN:P01::NTRAZZXX,Concentration of nitrate {NO3- CAS 14797-55-8} per unit volume of the water body [unknown phase],SDN:P06::MMPL,Millimoles per litre,Concentration of nitrate per unit volume of the water column. Nitrate may be expressed in terms of mass or quantity of substance.,,NTRA,NO3,physicalMeasurement,Nutrients,,
110,GF3,OTMP,,degrees C&#124;deg C,nan,nan,,nan,OTMP_XX,Temperature of oxygen determination by optode,degree Celsius,,,temperature_of_sensor_for_oxygen_in_sea_water,SDN:P01::OXYTAAOP,Temperature of oxygen determination by optode,SDN:P06::UPAA,Degrees Celsius,,,OTMP,O2_temp,,physicalMeasurement,Temperature,
111,IML,SDEV,,nan,nan,nan,,nan,SDEV_XX,,,,,,,,,,,,,,,auxiliaryInformation,Other,
112,IML,SPVO,,m^3/kg&#124;mg**3/kg,nan,nan,,nan,SPVO_XX,,m^3/kg,,,,,,,,,,,,,,Other,
113,IML,UNKN,,nan,nan,^v&bsol;d&plus;$&#124;^upoly&bsol;d&plus;$,,nan,,,,,,,,,,,,,,,,,,
114,GF3,OXYM,IML,µM,nan,nan,,nan,OXYM,Concentration of oxygen {O2 CAS 7782-44-7} per unit volume of the water body [dissolved plus reactive particulate phase],umol/L,,,mole_concentration_of_dissolved_molecular_oxygen_in_sea_water,SDN:P01::DOXYZZXX,Concentration of oxygen {O2 CAS 7782-44-7} per unit volume of the water body [dissolved plus reactive particulate phase],SDN:P06::MMPL,Micromoles per litre,"Concentration of dissolved oxygen per unit volume of the water column. Oxygen may be expressed in terms of mass, volume or quantity of substance.",,OXYM,WC_dissO2,physicalMeasurement,Dissolved O2,dissolved_o2,
115,GF3,PTCH,IML,degrees,nan,nan,,nan,PITCH,Platform Pitch Angle,degrees,,,platform_pitch,,,SDN:P06::UAAA,Degrees,,,PTCH,,,coordinate,unknown,
116,GF3,ROLL,IML,degrees,nan,nan,,nan,ROLL,Platform Roll Angle,degrees,,,platform_roll,,,SDN:P06::UAAA,Degrees,,,ROLL,,,coordinate,unknown,
117,GF3,HEAD,IML,True degrees,nan,nan,,nan,HEAD,Platform Orientation Angle,degrees,,,platform_orientation,SDN:P01:HEADCMMG,Orientation (horizontal relative to magnetic north) of measurement platform {heading} by compass,SDN:P06::UABB,Degrees True,,,HEAD,Avg_Head,,coordinate,unknown,
118,GF3,TILT,IML,degrees,nan,nan,,nan,TILT,Platform Tilt Angle,degrees,,,,,,SDN:P06::UAAA,Degrees,,,TILT,,,coordinate,unknown,
119,GF3,EWCT,IML,m/s,nan,nan,,nan,HCSP,East (true) Component of Current,m/s,,,eastward_sea_water_velocity,,,SDN:P06::UVAA,m/s,,,EWCT,,,physicalMeasurement,currents,
120,GF3,NSCT,IML,m/s,nan,nan,,nan,NWCT,North true) Component of Current,m/s,,,northward_sea_water_velocity,,,SDN:P06::UVAA,m/s,,,NSCT,,,physicalMeasurement,currents,
121,GF3,VCSP,IML,m/s,nan,nan,,nan,VCSP,Vertical Current Speed (positive up),m/s,,,upward_sea_water_velocity,,,SDN:P06::UVAA,m/s,,,VCSP,,,physicalMeasurement,currents,
122,GF3,ERRV,IML,m/s,nan,nan,,nan,ERRV,Error Velocity (ADCP),m/s,,,indicative_error_from_multibeam_acoustic_doppler_velocity_profiler_in_sea_water,,,SDN:P06::UVAA,m/s,,,ERRV,,,physicalMeasurement,currents,
123,GF3,HCSP,IML,m/s,nan,nan,,nan,HCSP,Horizontal Current Speed,m/s,,,sea_water_speed,,,SDN:P06::UVAA,m/s,,,HCSP,,,physicalMeasurement,currents,
124,GF3,HCDM,IML,degrees,nan,Horizontal Current Direction (magnetic),,nan,HCDM,Horizontal Current Direction (magnetic),degrees (magnetic),,,,,,,,,,HCDM,,,physicalMeasurement,currents,
125,MLI,CNDC,,S/m&#124;mhos/m&#124;siemens/m,nan,nan,,nan,CNDCST01,Electrical Conductivity,S/m,,,sea_water_electrical_conductivity,SDN:P01::CNDCST01,Electrical conductivity of the water body by CTD,SDN:P06::UECA,Siemens per metre,,,CNDC,CTDCond,,physicalMeasurement,salinity,Conductivity
126,MLI,FLOR,"BIO,IML,MEDS",mg/m^3&#124;mg/m**3&#124;milligram per metre cube&#124;ug/L&#124;ug/l&#124;none,nan,fluoresdence&#124;fluo&#124;Flourescence&#124;^FLOR(_&#124;$)&#124;Fluorescence&#124;CTD fluorescence,,nan,CPHLPR01,Concentration of chlorophyll-a {chl-a CAS 479-61-8} per unit volume of the water body [particulate >unknown phase] by in-situ chlorophyll fluorometer,mg/m^3,,,mass_concentration_of_chlorophyll_in_sea_water,SDN:P01::CPHLPR01,Concentration of chlorophyll-a {chl-a CAS 479-61-8} per unit volume of the water body [particulate >unknown phase] by in-situ chlorophyll fluorometer,SDN:P06::UMMC,Milligrams per cubic metre,,,FLOR,chl-a_water_ISfluor,,physicalMeasurement,Other,
127,MLI,WSPD,IML,m/s,nan,nan,,nan,EWSBZZ01,Speed of wind {wind speed} in the atmosphere,m/s,,,wind_speed,SDN:P01::EWSBZZ01,Speed of wind {wind speed} in the atmosphere,SDN:P06::UVAA,m/s,Sustained speed of the wind (distance moved per unit time by a parcel of air) parallel to the ground at a given place and time.,,WSPD,WindSpd,,physicalMeasurement,wind,
128,MLI,GSPD,IML,m/s,nan,nan,,nan,EGTSZZ01,Speed of wind (gust) {wind speed} in the atmosphere,m/s,,,wind_speed_of_gust,SDN:P01::EGTSZZ01,Speed of wind (gust) {wind speed} in the atmosphere,SDN:P06::UVAA,m/s,Maximum speed of the wind (distance moved per unit time by a parcel of air) parallel to the ground during a gust event (generally regarded as an increase over sustained speed of more than 5 m/s lasting less than 20 seconds).,,GSPD,GustWindSpd,,physicalMeasurement,wind,
129,MLI,WDIR,IML,degrees,nan,nan,,nan,EWDAZZ01,Direction (from) of wind relative to True North {wind direction} in the atmosphere,degrees,,,wind_from_direction,SDN:P01::EWDAZZ01,Direction (from) of wind relative to True North {wind direction} in the atmosphere,SDN:P06::UABB,Degrees True,Direction relative to true north from which the wind is blowing,,WDIR,WindDirFrom,,physicalMeasurement,wind,
130,MLI,DRYT,IML,degrees C,nan,nan,,nan,CDTASS01,Temperature of the atmosphere by dry bulb thermometer,degree_celsius,,,air_temperature,SDN:P01::CDTASS01,Temperature of the atmosphere by dry bulb thermometer,SDN:P06::UPAA,Degrees Celsius,,,DRYT,AirTemp,,physicalMeasurement,Temperature,
131,MLI,RELH,IML,%,nan,nan,,nan,CRELZZ01,Relative humidity of the atmosphere,%,,,relative_humidity,SDN:P01::CRELZZ01,Relative humidity of the atmosphere,SDN:P06::UPCT,Percent,The ratio of the amount of water vapour in the air compared to the maximum amount of water vapour that can theoretically be held at the air's temperature,,RELH,Air_humid,,physicalMeasurement,other,
132,MLI,ATMP,IML,hPa,nan,nan,,nan,CAPHZZ01,Pressure (measured variable) exerted by the atmosphere,hPa,,,air_pressure,SDN:P01::CAPHZZ01,Pressure (measured variable) exerted by the atmosphere,SDN:P06::HPAX,Hectopascals,,,ATMP,AirPress,,physicalMeasurement,Pressure,
133,MLI,ACO2,IML,ppm,nan,nan,,nan,ACO2CV01,Concentration of carbon dioxide {CO2 CAS 124-38-9} per unit volume of cave atmosphere by carbon dioxide probe,ppm,,,,,,,,,,,,,,,
134,MLI,PCO2,IML,ppm,nan,nan,,nan,PCO2XXXX,Partial pressure of carbon dioxide {CO2 CAS 124-38-9} {pCO2} in the water body,ppm,,,partial_pressure_of_carbon_dioxide_in_sea_water,SDN:P01::PCO2XXXX,Partial pressure of carbon dioxide {CO2 CAS 124-38-9} {pCO2} in the water body,SDN:P06::UPPM,ppm,The partial pressure of carbon dioxide in air in equilibrium with a water sample.,,PCO2,pCO2,,physicalMeasurement,,
135,MLI,VRMS,IML,m,nan,nan,,nan,,Wave mean height,m,,,sea_surface_wave_mean_height,,,SDN:P06::ULAA,Metres,,,VRMS,,,,,
136,MLI,VMXL,IML,m,nan,nan,,nan,,Wave maximum height,m,,,sea_surface_wave_maximum_height,,,SDN:P06::ULAA,Metres,,,VMXL,,,,,
137,MLI,VTCA,IML,s,nan,nan,,nan,,Wave period,s,,,sea_surface_wave_mean_period,,,SDN:P06::UTBB,Seconds,,,VTCA,,,,,
138,MLI,TAXN,IML,none,nan,nan,,nan,,Taxonomic Name,,,,,,,,,,,,,,,,
139,MLI,MODF,IML,none,nan,nan,,nan,,Additional taxonomic information,,,,,,,,,,,,,,,,
140,MLI,TSN,IML,none,nan,nan,,nan,,Taxonomic Serial Number,,,,,,,,,,,,,,,,
141,MLI,BNO7,IML,none,nan,nan,,nan,,Best NODC7 number,,,,,,,,,,,,,,,,
142,MLI,AUTH,IML,none,nan,nan,,nan,,Authority,,,,,,,,,,,,,,,,
143,MLI,LHIS,IML,none,nan,nan,,nan,,Life History or Development Stage,,,,,,,,,,,,,,,,
144,MLI,TRPH,IML,none,nan,nan,,nan,,Trophic Descriptor,,,,,,,,,,,,,,,,
145,MLI,MNSV,IML,microns,nan,nan,,nan,,Retention Filter Size,microns,,,,,,,,,,,,,,,
146,MLI,MXSV,IML,microns,nan,nan,,nan,,Larges Sieve Used,microns,,,,,,,,,,,,,,,
147,MLI,MNSZ,IML,microns,nan,nan,,nan,,Minimum size of organisms,,,,,,,,,,,,,,,,
148,MLI,MXSZ,IML,microns,nan,nan,,nan,,Maximum size of organisms,,,,,,,,,,,,,,,,
149,MLI,SEX,IML,none,nan,nan,,nan,,Sex,None,,,,,,,,,,,,,,,
150,MLI,PHY,IML,10^3cells/L,nan,nan,,nan,,Phytoplankton Counts,10^3cells/L,,,,,,,,,,,,,,,
151,MLI,ZOO,IML,none,nan,nan,,nan,,'Zooplankton counts',,,,,,,,,,,,,,,,
152,MLI,SPFR,IML,none,nan,nan,,nan,,Fraction of Sample,,,,,,,,,,,,,,,,
153,MLI,WTWT,IML,g,nan,nan,,nan,,Wet Weight of Organisms,g,,,,,,,,,,,,,,,
154,MLI,DRWT,IML,g,nan,nan,,nan,,Dry Weight of Organisms,g,,,,,,,,,,,,,,,
155,MLI,CMNT,IML,none,nan,nan,,nan,,Comments,,,,,,,,,,,,,,,,
